{
    "weather": [
        3.4990310668945312,
        2.7573108673095703,
        2.8128623962402344,
        2.9060840606689453,
        3.4890174865722656,
        4.785299301147461,
        4.133939743041992,
        2.0399093627929688,
        2.6178359985351562,
        2.7341842651367188,
        2.714872360229492,
        5.182027816772461,
        2.429962158203125,
        3.002166748046875,
        2.485990524291992,
        1.3129711151123047,
        3.3500194549560547,
        2.0508766174316406,
        1.4870166778564453,
        1.7118453979492188,
        2.765178680419922,
        1.4078617095947266,
        4.0950775146484375,
        1.817941665649414,
        2.1619796752929688,
        1.6331672668457031,
        1.5158653259277344,
        4.162073135375977,
        0.6251335144042969,
        1.8761157989501953,
        3.4139156341552734,
        2.44903564453125,
        1.750946044921875,
        2.5789737701416016,
        1.996755599975586,
        2.688884735107422,
        2.568960189819336,
        1.80816650390625,
        2.978086471557617,
        0.9772777557373047
    ],
    "altitude": [
        2.480030059814453,
        1.8301010131835938,
        2.3102760314941406,
        2.254962921142578,
        1.1761188507080078,
        3.8640499114990234,
        1.714944839477539,
        1.3709068298339844,
        2.164125442504883,
        2.0401477813720703,
        2.101898193359375,
        2.796173095703125,
        1.789093017578125,
        2.0072460174560547,
        3.4308433532714844,
        1.0349750518798828,
        1.9009113311767578,
        3.036975860595703,
        1.2738704681396484,
        1.1851787567138672,
        0.5290508270263672,
        0.9100437164306641,
        1.1839866638183594,
        1.3420581817626953,
        1.5571117401123047,
        2.44903564453125
    ],
    "temperature": [
        2.4750232696533203,
        1.8689632415771484,
        2.235889434814453,
        2.2420883178710938,
        1.1188983917236328,
        3.170013427734375,
        1.6617774963378906,
        1.4290809631347656,
        2.4399757385253906,
        1.764059066772461,
        2.0952224731445312,
        2.810239791870117,
        2.0589828491210938,
        2.9790401458740234,
        2.0809173583984375,
        1.2271404266357422,
        3.270864486694336,
        2.249002456665039,
        1.085042953491211,
        1.6109943389892578,
        1.7168521881103516,
        1.458883285522461,
        3.058910369873047,
        1.7819404602050781,
        1.4929771423339844,
        1.558065414428711,
        1.1830329895019531,
        4.34112548828125,
        0.6263256072998047,
        1.8749237060546875,
        0.7758140563964844,
        2.3958683013916016,
        1.2469291687011719,
        2.5370121002197266,
        1.33514404296875,
        3.2958984375,
        1.5208721160888672,
        1.7201900482177734,
        2.2389888763427734,
        0.9112358093261719
    ],
    "location": [
        2.432107925415039,
        1.7380714416503906,
        2.290010452270508,
        2.173900604248047,
        1.1878013610839844,
        3.1418800354003906,
        1.4929771423339844,
        1.5130043029785156,
        3.152132034301758,
        1.7859935760498047,
        2.0711421966552734,
        2.8543472290039062,
        2.2449493408203125,
        3.2188892364501953,
        2.209186553955078,
        3.8988590240478516,
        3.3111572265625,
        1.7778873443603516,
        1.2021064758300781,
        2.2449493408203125,
        1.7769336700439453,
        1.4879703521728516,
        3.2188892364501953,
        1.6579627990722656,
        1.7788410186767578,
        1.6880035400390625,
        1.3191699981689453,
        4.104137420654297,
        0.6778240203857422,
        2.0678043365478516,
        0.865936279296875,
        2.4199485778808594,
        1.3248920440673828,
        2.557039260864258,
        1.3530254364013672,
        2.5818347930908203,
        1.7430782318115234,
        1.7881393432617188,
        2.279996871948242,
        1.0671615600585938
    ],
    "pressure": [
        2.3212432861328125,
        1.73187255859375,
        2.257108688354492,
        2.1178722381591797,
        1.2853145599365234,
        3.1082630157470703,
        1.458883285522461,
        1.4581680297851562,
        3.1499862670898438,
        1.7020702362060547,
        2.0318031311035156,
        2.962827682495117,
        2.3500919342041016,
        3.2029151916503906,
        2.2950172424316406,
        1.3899803161621094,
        3.269195556640625,
        1.817941665649414,
        1.2359619140625,
        2.0618438720703125,
        1.7888545989990234,
        1.4681816101074219,
        3.284931182861328,
        1.7862319946289062,
        1.9702911376953125,
        1.6629695892333984,
        1.3802051544189453,
        4.025936126708984,
        0.7259845733642578,
        1.9178390502929688,
        0.942230224609375,
        2.4390220642089844,
        1.3418197631835938,
        2.5758743286132812,
        1.4739036560058594,
        2.6710033416748047,
        1.8231868743896484,
        1.7840862274169922,
        2.1638870239257812,
        1.032114028930664
    ],
    "light": [
        4.232168197631836,
        1.6942024230957031,
        2.8069019317626953,
        2.1140575408935547,
        3.5331249237060547,
        2.6917457580566406,
        1.7888545989990234,
        3.4689903259277344,
        2.669095993041992,
        3.699064254760742,
        3.3931732177734375,
        4.120826721191406,
        1.936197280883789,
        1.2841224670410156
    ]
}